post_id	post_text	user_id	username	image_id	timestamp	label
325361625869717505	E aí que o 4chan DESVENDOU quem são os responsáveis pela bomba de Boston http://t.co/ZZu0An6h2p	51582409.0	LRagazzi	boston_fake_03,boston_fake_35	Fri Apr 19 21:33:51 +0000 2013	fake
325227132030689280	FBI just posted New Photo of Suspect #2,  Dzhokhar Tsarnaev.   #BostonMarthon http://t.co/FB7lbHGSCB	48034548.0	DenverNewsie	boston_real_27	Fri Apr 19 12:39:25 +0000 2013	real
325152091423248385	I'm not completely convinced that it's this Sunil Tripathi fellow—http://t.co/ZjWqOsRfjB	16428755.0	jamwil	boston_fake_34	Fri Apr 19 07:41:14 +0000 2013	fake
325140954430443520	#Breaking: New #BostonMarathon Suspect Photos Released by FBI: || Suspect 1: http://t.co/pfCNpvPnt6 ||  Suspect 2: http://t.co/y6WqWPY8Fs	279390084.0	YourAnonNews	boston_real_06,boston_real_07	Fri Apr 19 06:56:59 +0000 2013	real
325012307019177984	Suspect 2 from Boston Marathon Bombing. http://t.co/TiDZbkUxBi	167613890.0	IGot_MyReasons	boston_real_02	Thu Apr 18 22:25:47 +0000 2013	real
324569472952320003	#4chan solves the bombings? http://t.co/YeTDt6cLZS via @imgur	394713293.0	AnssiMuhonen	boston_fake_03,boston_fake_35	Wed Apr 17 17:06:07 +0000 2013	fake
325072170235617282	Unknown Suspect #2 Boston Bombing #FBI Wanted Poster http://t.co/uiqLE3QRms	19207243.0	Ammidon	boston_real_01,boston_real_02,boston_real_05,boston_real_29	Fri Apr 19 02:23:39 +0000 2013	real
325000577606115328	Suspect #1 for Boston Marathon attack #repost #this http://t.co/kWc4NkFT4p	825687612.0	whateverwonder	boston_real_29	Thu Apr 18 21:39:10 +0000 2013	real
325016269864718337	Boston bombings suspect #2 #Boston #bostonmarathon #handsoverhearts #prayforboston #bostonhelp #bostonstrong http://t.co/Qh2nPX5jX0	595025793.0	mclarkhamilton	boston_real_02	Thu Apr 18 22:41:31 +0000 2013	real
325166355747835906	Kudos 4chan http://t.co/KccwMpAJr3 Damn, their images are better than the FBI's	26971007.0	blebon	boston_fake_03,boston_fake_35	Fri Apr 19 08:37:55 +0000 2013	fake
325216123224207361	Boston RIC released this flier showing at large suspect Dzhokhar Tsarnaev. He may be armed &amp; dangerous. http://t.co/haGuhy7xYA ht @suntimes	23439779.0	soonisnow	boston_real_12	Fri Apr 19 11:55:40 +0000 2013	real
325026031067090945	suspect 2 attentat Boston celui qui a posΓ© son sac avant l'explosion qui a permis de remonter au suspect 1 http://t.co/1GOhtIOLlY	856074224.0	PEGR4gnier	boston_real_02	Thu Apr 18 23:20:19 +0000 2013	real
327097650212139008	Since the second Boston bombing suspect was apprehended on Friday, there's been a wave of support,β€¦ http://t.co/zd3fcVj2Dt	256386386.0	0fficial__M	boston_real_23	Wed Apr 24 16:32:11 +0000 2013	real
324604457847488512	http://t.co/ykSVPMWD6h  #4chan FTW	201914406.0	mtdisme	boston_fake_03,boston_fake_35	Wed Apr 17 19:25:08 +0000 2013	fake
325216821861036032	Smh......that's al I can say poor baby may in rest on #PrayForBoston sad http://t.co/xymoHPepQ1	432329036.0	FrankieDaKid07	boston_real_25	Fri Apr 19 11:58:27 +0000 2013	real
324389467345522688	4chan spots a Boston Marathon bombings suspect http://t.co/mRFDwpNczH	6953352.0	shamhardy	boston_fake_15	Wed Apr 17 05:10:50 +0000 2013	fake
324740982576914435	Una muestra que #4Chan no es solo mierda, sino una inteligencia anonima, a veces borracha, pero efectiva : http://t.co/wmD0pEejVM #Boston	15114233.0	ElReticente	boston_fake_03,boston_fake_35	Thu Apr 18 04:27:38 +0000 2013	fake
325239528753332225	RT @YourAnonNews New #BostonMarathon Suspect Photos Released by FBI: || Suspect 1: http://t.co/thdDmfqKcL Suspect 2: http://t.co/FhcMARx5vA	43180061.0	tapoutG	boston_real_06,boston_real_07	Fri Apr 19 13:28:40 +0000 2013	real
325101127043534850	Poo, o 4CHAN nas análises dos atentados hein. De loco!\n\nhttp://t.co/au0JRLE0qA http://t.co/Nm92oqIkmy	97034316.0	AriellMarques	boston_fake_03,boston_fake_35	Fri Apr 19 04:18:43 +0000 2013	fake
325147818568347648	1 of the boston marathon suspects is \nSunil Tripathi Missing brown/ivy league student http://t.co/kz83UIbr4b	5416852.0	Bahska	boston_real_07	Fri Apr 19 07:24:15 +0000 2013	real
324572829230178305	The people of Boston ask your help identifying these men associated with the backpack bombs at the Boston Marathon http://t.co/u5fX9Gksbf	16611239.0	Glossology	boston_fake_31	Wed Apr 17 17:19:27 +0000 2013	fake
324512492011278337	@YourAnonNews  4chan spots another pair of suspects. This one really gave me chills. http://t.co/MMMaoxEVau	775750844.0	AnonJackAzzz	boston_fake_04	Wed Apr 17 13:19:41 +0000 2013	fake
324338610465816576	@th3j35t3r what do you make of what 4chan has come up with? http://t.co/sMWgRS2jo3	1126189711.0	ClownLilBro	boston_fake_04	Wed Apr 17 01:48:45 +0000 2013	fake
325329217367711745	#CommunityAlert: As search for Dzhokhar Tsarnaev continues, we thank you 4 your continued cooperation &amp; support. http://t.co/zZD1SzTO8u	19185333.0	Boston_Police	boston_real_27	Fri Apr 19 19:25:04 +0000 2013	real
325055137171271681	Boston Marathon suspect #2 with white hat (far left) running from explosion, no backpack.. http://t.co/fB8KXPURE5	18490583.0	ruraldeity	boston_real_15	Fri Apr 19 01:15:58 +0000 2013	real
324665423956176896	Ola ke ase, investigando las bombas de Boston o ke ase? #4chan http://t.co/7A4IAbVmM0	90735851.0	rcr866	boston_fake_35	Wed Apr 17 23:27:23 +0000 2013	fake
325243838518149120	good job 4chan! http://t.co/XSnnqe6ROH	24618459.0	softwaredoug	boston_fake_03,boston_fake_35	Fri Apr 19 13:45:48 +0000 2013	fake
325410298943119362	RIP Tamerlan and free Dzhokhar Tsarnaev. This corrupt society will never stop blaming people. Who will… http://t.co/xAGDE2Zyha	404834177.0	theophilustfu	boston_real_26	Sat Apr 20 00:47:15 +0000 2013	real
325241162518634496	β€@FOX19: FBI releases new photo of suspect Dzhokhar Tsarnaev. RT !  http://t.co/uaw2Rw4Hcwβ€	5691492.0	SHABOOTY	boston_real_27	Fri Apr 19 13:35:10 +0000 2013	real
325085389582901250	Impressive and gamechanging - crowd-sourced detective work via 4chan http://t.co/OaESe8EiV9	40958266.0	DerekMartian	boston_fake_03,boston_fake_35	Fri Apr 19 03:16:11 +0000 2013	fake
325412582238343168	They finally caught the second suspect in the Boston bombing thriller http://t.co/jXaneaO0DC	165954648.0	HPN_CEO	boston_real_27	Sat Apr 20 00:56:20 +0000 2013	real
325145026764099584	#Breaking: New #BostonMarathon Suspect Photos Released by FBI: || Suspect 1: http://t.co/7wd814SlJx ||  Suspect 2: http://t.co/I2sCCfr03W	871024819.0	fraudstrong	boston_real_06,boston_real_07	Fri Apr 19 07:13:09 +0000 2013	real
325064824306429953	4chan melhor que FBI :) http://t.co/aiGcdBXRUz	323637124.0	bruunowtf	boston_fake_03,boston_fake_35	Fri Apr 19 01:54:28 +0000 2013	fake
325331550017306624	This picture breaks my heart. This is Dzhokhar Tsarnaev dropping off the bomb right behind thatβ€¦ http://t.co/4sQBE4uDxs	36711924.0	Je33ieg	boston_real_25	Fri Apr 19 19:34:20 +0000 2013	real
325096108193882112	RT @tedchris: Reddit users crowdsource photo of Boston suspect, zoom, enhance. http://t.co/Og7sxCZtr4 Source: http://t.co/OlwGtBF0AF	382747441.0	belleconsult	boston_real_10	Fri Apr 19 03:58:46 +0000 2013	real
325145334739267584	PIC: Comparison of #Boston suspect Sunil Tripathi's FBI-released images/video and his MISSING poster http://t.co/EhV3ODxrJf You decide.	21992286.0	Oscar_Wang	boston_fake_23	Fri Apr 19 07:14:23 +0000 2013	fake
325464125868216321	4chan ThinkTank - Imgur http://t.co/hQt2fhxE48	142785938.0	GlebGgs	boston_fake_03,boston_fake_35	Sat Apr 20 04:21:09 +0000 2013	fake
325421434459549696	2nd suspect in custody from the Boston Marathon bombings. He is injured and being treated from gunβ€¦ http://t.co/298n5q8BFY	312168562.0	MollyTrotter	boston_real_27	Sat Apr 20 01:31:30 +0000 2013	real
325431243183370241	@bilinkis @goldenmax yo también tengo mis dudas de que este resuelto después de haber visto lo de 4chan. http://t.co/aU8pBZl4U2	44552093.0	soke_	boston_fake_03,boston_fake_35	Sat Apr 20 02:10:29 +0000 2013	fake
325064400052576256	Wild how Reddit users crowdsource photo of Boston suspect, zoom, enhance. http://t.co/J9fRCsrCgI Source: http://t.co/Esbvg3Dkr6	14761795.0	TEDchris	boston_real_10	Fri Apr 19 01:52:47 +0000 2013	real
325243484762152961	FIND THIS FUCK! #Boston #bomber #coward #shootout #bostonstrong #FBI #BPD #watertown #cambridgeβ€¦ http://t.co/KQv6RqxXIC	41224408.0	2JRyda	boston_real_27	Fri Apr 19 13:44:24 +0000 2013	real
325244161970302976	La foto mas reciente del profugo terrorista Dzhokhar Tsarnaev http://t.co/UJoC7UaveI	34749742.0	jhonnoel	boston_real_27	Fri Apr 19 13:47:05 +0000 2013	real
325289987044151296	This is just sad πΆπ”. The 8 yr old that died, the bomber, nd the bag. #prayforboston #watertown http://t.co/bADr2c817m	322146919.0	bailabzz305	boston_real_25	Fri Apr 19 16:49:11 +0000 2013	real
325416365009813504	#THATSHOWWEFREAKINGDOIT #CAPTURED #ManHunt #BostonBomber #WeGotHim #BostonMarathon #GoToHell #USARules http://t.co/YOyFtLL0ZN	438793613.0	ItsAlexisMoore	boston_real_27	Sat Apr 20 01:11:22 +0000 2013	real
324581777614180352	4chan thinks they found pictures of the bomber  -  http://t.co/0y3w24l2q8	46224814.0	iamyadvinder	boston_fake_08	Wed Apr 17 17:55:00 +0000 2013	fake
324315545572896768	4chan and the bombing. just throwing it out there: http://t.co/dIySO7lXQm http://t.co/NxBi4tW8bQ	180460772.0	Slimlenny	boston_fake_15	Wed Apr 17 00:17:06 +0000 2013	fake
325210545160609794	Way to go #boston #police!! One down one to go!! #justice #bostonmarathon #bombing http://t.co/gkw2XfInTY	42392256.0	CarlosFMelgar	boston_real_06	Fri Apr 19 11:33:30 +0000 2013	real
325106721062260737	β€@TEDchris: Wild how Reddit users crowdsource photo of Boston suspect, zoom, enhance. http://t.co/kE9fQtsGRS Source: http://t.co/3A9iunoY1lβ€	8288752.0	jamiesk	boston_real_10	Fri Apr 19 04:40:57 +0000 2013	real
325094715668176896	A very clear photo of suspect no. 2 in Boston -- check him out in white hat turning  corner on the left http://t.co/OnCLOX3JTm	28511309.0	JTMotorsports	boston_real_15	Fri Apr 19 03:53:14 +0000 2013	real
325107468525006848	"RT @nycjim Wow. \""@magicandrew From friend in news in Boston. MT @amorse9 http://t.co/pYPcGbtXrV Suspect #2 moving around corner on left.\"""	491035616.0	Fadorkable	boston_real_15	Fri Apr 19 04:43:55 +0000 2013	real
325082419059367938	RT @TEDchris: Reddit users crowdsource photo of Boston suspect, zoom, enhance. http://t.co/rqaFZNjpFa Source: http://t.co/wRjT7Sgpdo	60133202.0	ScottWilsonID	boston_real_10	Fri Apr 19 03:04:23 +0000 2013	real
325234209381830656	New photo from FBI of Suspect No. 2 -- Dzhokhar A. Tsarnaev -- still at-large in Boston Marathon bombings http://t.co/FfU9MHEjlS	9229732.0	MyFOX9	boston_real_27	Fri Apr 19 13:07:32 +0000 2013	real
325226222235828226	Here's the thread. Not one of the real suspects is on here. RT @brianboyer: 4chan is on it. Fascinating. http://t.co/R53NODzVtB	24774702.0	_DirtyCee	boston_fake_03,boston_fake_35	Fri Apr 19 12:35:48 +0000 2013	fake
324513597852098561	Wow 4chan. That was fast: http://t.co/3vHkPCr8tR	363958072.0	Alpha_and_Delta	boston_fake_15	Wed Apr 17 13:24:05 +0000 2013	fake
325411921564139520	Beyond any doubt the single  most sad/disturbing/eerie/bizarre photo I have ever seen. #prayforbostonβ€¦ http://t.co/fhDFGISNFg	98309019.0	davidjbier	boston_real_25	Sat Apr 20 00:53:42 +0000 2013	real
324330330108612608	@samsteinhp check out the 4chan kiddies investigative work http://t.co/7C1wRki92C	16259867.0	tmoneymonsta	boston_fake_26	Wed Apr 17 01:15:51 +0000 2013	fake
325265059897024512	4chan ThinkTank - Imgur http://t.co/ND1kJvPhKb	251738262.0	pinboardpopular	boston_fake_03,boston_fake_35	Fri Apr 19 15:10:08 +0000 2013	fake
325047465793441792	@dazonic U said it! Appears that a Reddit user found a picture of the white hat Boston suspect http://t.co/Y8ZjiOhnSvβ€	14492203.0	ashleyrides	boston_real_15	Fri Apr 19 00:45:29 +0000 2013	real
325083875359481856	Suspect in the Boston Marathon Bombing I hope I find them first http://t.co/chgjrtw4nO	74065488.0	Bertneversleeps	boston_real_24	Fri Apr 19 03:10:10 +0000 2013	real
324996041285980160	It looks like 4chan might have really found something... #PrayForBoston #BostonBombing http://t.co/DrLPtbJ7pb	490491827.0	DaltonLGilbert	boston_fake_18	Thu Apr 18 21:21:09 +0000 2013	fake
325403026489757696	I almost got away with it dzhokhar tsarnaev edition #havefuninhell http://t.co/IZDsUc6cAa	227162884.0	colinthemack	boston_real_27	Sat Apr 20 00:18:21 +0000 2013	real
325313838411026432	Foto del sospechoso Dzhokhar Tsarnaev, de 19 aΓ±os. Armado y considerado altamente peligroso http://t.co/64uNYMVsdg	275581747.0	AdrianRizzoB	boston_real_27	Fri Apr 19 18:23:57 +0000 2013	real
325137399275483138	New FBI photo of Boston bombing suspect 2 http://t.co/IPHLJuk2VR	19329393.0	PerezHilton	boston_real_07	Fri Apr 19 06:42:51 +0000 2013	real
325411157202591744	#bostonstrong #usa #oneboston #onenation #prayforboston http://t.co/SdfIGWdFxH	343807557.0	JoeHarlacher	boston_real_27	Sat Apr 20 00:50:40 +0000 2013	real
325234960535539712	The FBI has released a new photo of suspect Dzhokhar Tsarnaev http://t.co/9xFMdgkFUQ	14511951.0	HuffingtonPost	boston_real_27	Fri Apr 19 13:10:31 +0000 2013	real
325415908187176961	This is crazy world we live in #justiceforethan #bostonmarathon http://t.co/x7a2UMH2uK	464405098.0	honeyB228	boston_real_25	Sat Apr 20 01:09:33 +0000 2013	real
325236475773997057	Lincecum? RT @Local4News: ClickPic: Latest picture from FBI of #boston bombing suspect Dzhokhar A. Tsarnaev. #local4 http://t.co/ssKZqWk73c	554561606.0	toshi_zx	boston_real_27	Fri Apr 19 13:16:33 +0000 2013	real
324991612025462784	It looks like 4chan might have really found something - Why are private http://t.co/iVYfUtQ2Mh [http://t.co/RbYBX2qXll] #anon @YourAnonNews	1350469116.0	rsubversive	boston_fake_18	Thu Apr 18 21:03:33 +0000 2013	fake
324510098259050496	@BBCWorld @BBCBreaking @BBCNews Probably worth checking these out. http://t.co/r6nemCxOCr #4chan #identified #boston #marathon #bombers	241810080.0	FaultyBeard	boston_fake_03,boston_fake_35	Wed Apr 17 13:10:11 +0000 2013	fake
324587251503886336	Lets see if 4chan identified the bomber http://t.co/0kmcAxkqup http://t.co/kJZq8NAMx6	182672637.0	John_E_Smoker	boston_fake_22	Wed Apr 17 18:16:45 +0000 2013	fake
324580144478048258	Wow, creepy. #Boston #Bombing ID the suspect? http://t.co/mKbnnYCcUs	114819961.0	JaclynIsaac	boston_fake_03,boston_fake_35	Wed Apr 17 17:48:31 +0000 2013	fake
325269317312737280	Boston bombings suspects innocent: father #BostonMarathon #Kenya http://t.co/CJq4ZhKnqp http://t.co/saen4lqRwc	1310276047.0	NewsKenyaCoKe	boston_real_27	Fri Apr 19 15:27:03 +0000 2013	real
325135810326327296	Se ve que los de 4chan ya han empezado http://t.co/onL4644fVG	335312155.0	CaoticaEconomia	boston_fake_03,boston_fake_35	Fri Apr 19 06:36:32 +0000 2013	fake
324674672413270016	#4chan's effort to catch the #Boston bombers - amazing http://t.co/mj0YoHuZW7	1330339369.0	3IPBitcoin	boston_fake_03,boston_fake_35	Thu Apr 18 00:04:08 +0000 2013	fake
324607148313153538	The man believed to be the bomber.. #boston #bostonbombing #bostonmarathon #prayforboston #pray4boston… http://t.co/akb08AyBld	22892301.0	TIHammer	boston_fake_02	Wed Apr 17 19:35:49 +0000 2013	fake
325161806463135744	#Boston #Watertown #BPD New picture of Sunil Tripathi tonight, in a 7-11: https://t.co/ae5deGvp5s	32633543.0	Jonathan_Mora	boston_real_11	Fri Apr 19 08:19:50 +0000 2013	real
325260176766685187	β€@Z00kiehne: Left-Boston suspect Right-jnatoli10 http://t.co/oy1UcQxRBLβ€ @jnatoli10	320547716.0	Z00kiehne	boston_real_27	Fri Apr 19 14:50:43 +0000 2013	real
325090445879279616	Here's a screen-grab from the new very high-res image that appears to show Boston suspect: http://t.co/X0DwVEx8AB (@ravisomaiya)	5695632.0	BuzzFeed	boston_real_10	Fri Apr 19 03:36:16 +0000 2013	real
325416423520358400	Separados por um #Chris.\n\n#DzhokharTsarnaev #greg #VicentMartella #Watertown #Bostonβ€¦ http://t.co/aLHFxJ5G1G	110973091.0	doughenriq	boston_real_27	Sat Apr 20 01:11:35 +0000 2013	real
324383323097022464	4chan spots a suspect http://t.co/Sb6t7nyP3b [http://t.co/ODs9wcPaxD] #consp @duncantrussell	1237247743.0	Reddit4DTFHfans	boston_fake_15	Wed Apr 17 04:46:25 +0000 2013	fake
324528633463050241	http://t.co/xBNwxhIVHo #BostonMarathon #4chan via @reddit	26972597.0	The_Ni	boston_fake_03,boston_fake_35	Wed Apr 17 14:23:50 +0000 2013	fake
325043839763095552	Reddit has found a much clearer photo of the second Boston Bomber suspect moments after the explosion (look left): http://t.co/QfDCIp5Iu9	13634322.0	olivercameron	boston_real_15	Fri Apr 19 00:31:05 +0000 2013	real
324498279700234240	@DandCShow Did you guys see these pics?  http://t.co/AwkA3cC4dg  #reddit #4chan #bostonstrong	21324077.0	SignoreDago	boston_fake_03,boston_fake_35	Wed Apr 17 12:23:13 +0000 2013	fake
325252804832792576	#BOLO for #boston bombing suspect Dzhokhar Tsarnaev. He may be driving a gray Honda CRV, withβ€¦ http://t.co/mILcZLdM1z	15391102.0	wusa9	boston_real_27	Fri Apr 19 14:21:26 +0000 2013	real
325413128617738240	They caught his ass in Boston suspect 1 is dead now suspect 2 will be in jail for the rest of his damnβ€¦ http://t.co/vnpkHuDKcx	919960741.0	AG3OFCIARA	boston_real_27	Sat Apr 20 00:58:30 +0000 2013	real
324565662339059712	#4Chan analizó las imágenes del atentado en #Boston y encontró supuestos implicados. http://t.co/84GH58OHJP	416678640.0	LuisDavCastillo	boston_fake_03,boston_fake_35	Wed Apr 17 16:50:58 +0000 2013	fake
325270399678042112	What A FUCKIN Asshole!!!!!!!!!!!!! How Could He????? #BostonMarathon http://t.co/x1Ua3Pr7Uq	242988455.0	LaTiNa_SmiLeY88	boston_real_25	Fri Apr 19 15:31:21 +0000 2013	real
324554646976868352	Brutal lo que se puede conseguir en colaboración. #4Chan analizando fotos de la maratón de #Boston atando cabos... http://t.co/4eq43HFicK	303138574.0	rubenson80	boston_fake_03,boston_fake_35	Wed Apr 17 16:07:12 +0000 2013	fake
325104552284151808	New high resolution photo of suspect #2 in Boston Bombing. http://t.co/8RhNi4wL7k	24413344.0	davesjustbored	boston_real_10	Fri Apr 19 04:32:20 +0000 2013	real
324620538465120256	#4CHAN haciendo el trabajo del FBI http://t.co/CPONsVv0O8 o.O #Boston #/b/	225092182.0	Stanne_Z	boston_fake_03,boston_fake_35	Wed Apr 17 20:29:02 +0000 2013	fake
324468904128806912	4chan beweert de bommenlegger uit #Boston te hebben gevonden op foto http://t.co/YDyFCkEPDb	142691676.0	loyvh	boston_fake_01	Wed Apr 17 10:26:29 +0000 2013	fake
325135832207990784	"No idea if \""Suspect 2\"" is missing Brown student Sunil Tripathi but looks more than a little like him: http://t.co/iwJ7iO3WKB"	37636667.0	mtsw	boston_fake_30	Fri Apr 19 06:36:37 +0000 2013	fake
324583175953215489	#Boston #4chan ThinkTank: http://t.co/AbLIYga34E	130234848.0	samueljcarlson	boston_fake_03,boston_fake_35	Wed Apr 17 18:00:34 +0000 2013	fake
324597532548276224	Don't need feds to solve the #bostonbombing when we have #4chan!! http://t.co/eXQTPZqqbG	886672620.0	SantaCruzShred	boston_fake_03,boston_fake_35	Wed Apr 17 18:57:37 +0000 2013	fake
326543563477377024	Boston bomb suspect blames #Brother #TamerlanTsarnaev #Kenya http://t.co/rv8jEYJTyo http://t.co/FFQE96FcLR	1310276047.0	NewsKenyaCoKe	boston_real_27	Tue Apr 23 03:50:27 +0000 2013	real
324798280787714048	En 4chan ya han encontrado a los terroristas de Boston http://t.co/Cb98QtbVcU #boston #4chan	360657338.0	gzapico	boston_fake_03,boston_fake_35	Thu Apr 18 08:15:19 +0000 2013	fake
325319288091185152	This just makes your heart drop. #Prayforboston #bostonmarathon there are multiple kids and familiesβ€¦ http://t.co/RrX5aoZIIl	18464321.0	Michael_Luv	boston_real_25	Fri Apr 19 18:45:37 +0000 2013	real
325110617251917824	Reported photo of suspect 2 in Boston bombings emerges on Facebook http://t.co/ItR4vvBHFH http://t.co/tby3JxQWup	14511951.0	HuffingtonPost	boston_real_10	Fri Apr 19 04:56:26 +0000 2013	real
325008086530154497	A closer look at FBI's Boston bombing suspect's hat. RT @RichardPhillips: http://t.co/WTpTwRP00X	619468301.0	ArtistsReport	boston_real_13	Thu Apr 18 22:09:00 +0000 2013	real
325020889248854016	Bombers in Boston help find them #prayforboston http://t.co/E6CVI1rlJX	143645202.0	PhillyP419	boston_real_24	Thu Apr 18 22:59:53 +0000 2013	real
324526766481870848	Plus look how he's carrying it. Looks like he's about to sit it down. #prayforboston http://t.co/YyWGdbsI1e	276369555.0	colegoodlett	boston_fake_01	Wed Apr 17 14:16:25 +0000 2013	fake
324537751934484480	4chan found the bomb http://t.co/Zrs8WOqomz	221060333.0	C_Y88	boston_fake_24	Wed Apr 17 15:00:04 +0000 2013	fake
324356688272560128	4chan spots a suspect http://t.co/u3Ovlyl4Tp [http://t.co/oUotrsGuZv] #consp @joerogan	1228761494.0	Reddit4Savages	boston_fake_15	Wed Apr 17 03:00:35 +0000 2013	fake
325264870591299585	@ReyxelRojiblank lo dicen por 4chan. De ahi sacaron las fotos los telediarios españoles haciendolas pasar x oficiales http://t.co/8S2sa3nAp2	355568240.0	yoryito2004	boston_fake_03,boston_fake_35	Fri Apr 19 15:09:22 +0000 2013	fake
325143399583850496	RT @YourAnonNews: New FBI #BostonMarathon Suspect Photos: ||1: http://t.co/XUtUbLmbk5 ||  2: http://t.co/ru7OBMIWRw	20044440.0	Edourdoo	boston_real_06,boston_real_07	Fri Apr 19 07:06:41 +0000 2013	real
324333359356579841	4chan spots a #Boston Bombing suspect - http://t.co/3c4TOQxL4b	105148135.0	giggitygreg	boston_fake_15	Wed Apr 17 01:27:53 +0000 2013	fake
325057272541745152	This is the latest picture of the Boston bomber suspect. Share and keep a look out! He could be anywhere! http://t.co/lDrk743W4w	373418243.0	HOThits1005	boston_real_10	Fri Apr 19 01:24:27 +0000 2013	real
324635274887970816	my best guess ala 4chan regarding Boston \nhttp://t.co/QTJ4XHonGC\nhere is the rest of the pics 4 chan has of that day, http://t.co/jO0BPnUfmn	109661488.0	SOS3Today	boston_fake_03,boston_fake_07,boston_fake_35	Wed Apr 17 21:27:35 +0000 2013	fake
325007323892436992	C'mon people lets work together and catch these fuckers #prayforboston #justicewillbeserved http://t.co/gXy9DuuuJE	224883277.0	aelias89	boston_real_24	Thu Apr 18 22:05:59 +0000 2013	real
325251734689689601	FBI ΰΉ€ΰΈΰΈΆΰΈ ΰΈ²ΰΈΰΈ΅ΰΈ·ΰΈ­ΰΈ£ΰΈ°ΰΉ€ΰΈΰΈ΄ΰΈ”ΰΈ΅ΰΈ²ΰΈ£ΰΈ²ΰΈΰΈ­ΰΈ™ΰΈΰΈ­ΰΈΰΈ•ΰΈ±ΰΈ™ ΰΈ—ΰΈµΰΉΰΈΰΈ³ΰΈ¥ΰΈ±ΰΈ‡ΰΈ«ΰΈ¥ΰΈΰΈ«ΰΈ™ΰΈµ ΰΈΰΈ·ΰΉΰΈ­ Dzhokhar A. Tsarnaev   http://t.co/AHzNQyJuCj	110596487.0	thaitvnews	boston_real_27	Fri Apr 19 14:17:11 +0000 2013	real
324545148908363777	http://t.co/pS4KetWGaW #4chan	396729812.0	RutgerDrent	boston_fake_01	Wed Apr 17 15:29:27 +0000 2013	fake
325264020812730368	This made me tear up a lil . π‘π™π±π¥π” #boston #prayforboston http://t.co/Q7alf8LFcm	94599508.0	RenatoMRego	boston_real_25	Fri Apr 19 15:06:00 +0000 2013	real
325393582024445952	Nooo poor, sweet baby Martin before the explosion. πΆπ‘Ό omg I can't. #ripmartin #manhunt #bostonβ€¦ http://t.co/MZwQuOhr1v	36704900.0	CarolineLunny	boston_real_25	Fri Apr 19 23:40:50 +0000 2013	real
325142448881930240	"New Release: Suspect 1: Mike Mulugeta Suspect 2: Sunil Tripathi.  || Suspect 1: http://t.co/K8e3G5wBUp || Suspect 2: http://t.co/0weisVVMKJ\"""	185472553.0	KAL301	boston_real_06,boston_real_07	Fri Apr 19 07:02:55 +0000 2013	real
324527935413436416	@TheMatthewKeys Have you seen/heard anything about this? http://t.co/v82rdCVIqH (via @dcturner @SimoRoth &amp; 4Chan users )	16886246.0	Siouxfire	boston_fake_01	Wed Apr 17 14:21:03 +0000 2013	fake
325258025873063936	This is so sad the bomber and the 8 year old boy that died #prayforboston http://t.co/nU4h6hmYT3	345397274.0	jZukauskas	boston_real_25	Fri Apr 19 14:42:11 +0000 2013	real
324267996044460035	"\""They say\"" this is a #pic of a man lurking on a rooftop during the the #bostonmarathon #explosion...… http://t.co/RYtgpktBYT"	266869357.0	broadwaybeezy	boston_fake_09	Tue Apr 16 21:08:09 +0000 2013	fake
325309548783083523	Fuck these two tools #prayforboston http://t.co/yaGYL9mrKV	224550839.0	aGoodmanThinks	boston_real_26	Fri Apr 19 18:06:55 +0000 2013	real
325047131905871872	4chan ThinkTank - Imgur http://t.co/VOLezm4vxO	85853721.0	GugaCash	boston_fake_03,boston_fake_35	Fri Apr 19 00:44:09 +0000 2013	fake
325099014355820544	@DLoesch have you seen this? Bomber #2  looks like missing student Sunil Tripathi.  http://t.co/1phQpB0aMT  http://t.co/X9pqMtnoW5	21769179.0	larrygloverlive	boston_fake_13	Fri Apr 19 04:10:19 +0000 2013	fake
324979270248173568	#4Chan got some fame on internet but I can say that I am impressed on what they had done and discovered http://t.co/MUH6yTWCAZ via @imgur	608583.0	Zeinobia	boston_fake_03,boston_fake_35	Thu Apr 18 20:14:30 +0000 2013	fake
324590974753976320	4Chan zoekt het uit. http://t.co/wMQbCv9W3R	66641469.0	JeffreyPieters	boston_fake_04	Wed Apr 17 18:31:33 +0000 2013	fake
324874410374877185	http://t.co/TTcLPjXHVs investigación bombas Boston #4chan	348687483.0	isaponferrada	boston_fake_03,boston_fake_35	Thu Apr 18 13:17:49 +0000 2013	fake
324522267973402624	Os caras do 4chan identificaram o terrorista da maratona de Boston, jura mesmo? https://t.co/reoR7wki6i http://t.co/MKUuo8PKyQ	10522982.0	JoaoLuiz	boston_fake_17	Wed Apr 17 13:58:32 +0000 2013	fake
325423195446452224	Game over Bitch #bostonmarathon http://t.co/1sQJC5be0l	233346017.0	disneymagic01	boston_real_27	Sat Apr 20 01:38:30 +0000 2013	real
325233605964070913	Reddit and 4chan's efforts to identify the Boston bombers. http://t.co/nNnMLnBzms http://t.co/sBsROBIg2P Not even close	17153944.0	fraserferguson	boston_fake_03,boston_fake_35	Fri Apr 19 13:05:08 +0000 2013	fake
325256788201066500	Been following the stuff happening in boston. Got linked this regarding the bombings. http://t.co/hlDQKHxiC3 Sometimes 4chan gets it right	327970384.0	Sikoras1992	boston_fake_03,boston_fake_35	Fri Apr 19 14:37:15 +0000 2013	fake
324558285225209857	@YourAnonNews its not that guy, you can see his backpack from another angle http://t.co/DFRglxjp68 #BostonMarathon	50858723.0	Tadlette	boston_fake_16	Wed Apr 17 16:21:39 +0000 2013	fake
324435205433724929	Hilarious if 4chan solves this bombing case. They got tons of these posted. http://t.co/qI9I0YKatR	16037772.0	BlakeYo	boston_fake_26	Wed Apr 17 08:12:35 +0000 2013	fake
325455279766532096	#boston #Coward #Manhunt #looser #Bomber http://t.co/PBAx5IDamJ	262240091.0	MrNomadic	boston_real_27	Sat Apr 20 03:46:00 +0000 2013	real
325311398949318658	Foto del sospechoso Dzhokhar Tsarnaev, de 19 aΓ±os. Armado y considerado altamente peligroso http://t.co/64uNYMVsdg	131379635.0	GolEcuador	boston_real_27	Fri Apr 19 18:14:16 +0000 2013	real
324631982518726656	4Chan seems to think they've found one of the Boston Marathon Bombers and I agree http://t.co/1cncwgC7eK	419544419.0	smitchell550	boston_fake_29	Wed Apr 17 21:14:30 +0000 2013	fake
324999126100094976	Potential suspects for the Boston Marathon explosion http://t.co/TMuqegekjX	191349804.0	_thatBLACKguy_	boston_real_24	Thu Apr 18 21:33:24 +0000 2013	real
324637464927039488	@Anonymoussops @bernardosampa @urbanohumano definitely a good work anonymous. #4chan 4ver &gt;&gt; http://t.co/VSAz2qzbun	224438064.0	MrDDS1984	boston_fake_03,boston_fake_35	Wed Apr 17 21:36:17 +0000 2013	fake
325170782131073024	The internet wins. Did 4chan find the Boston Marathon bombers? http://t.co/45UUc5Gjal	1605021.0	carhartl	boston_fake_03,boston_fake_35	Fri Apr 19 08:55:30 +0000 2013	fake
325023678695870464	ICYMI: These are the suspects sought by the #FBI in connection to the #BostonMarathon bombings http://t.co/y8gYNNeELy http://t.co/mmbBshlGeU	6327192.0	marikatogo	boston_real_24	Thu Apr 18 23:10:58 +0000 2013	real
325064026096812032	From a friend in local news in Boston. MT @amorse9: http://t.co/FRv0tIrBCe Suspect #2 moving around corner on left.	22307109.0	DrakeSax	boston_real_15	Fri Apr 19 01:51:17 +0000 2013	real
325055737812373504	Reddit never ceases to amaze me. Assuming not shopped (don't think it is), unearthed another photo of Boston suspect: http://t.co/6ZA4Yb17Wm	135385495.0	cmccollo	boston_real_15	Fri Apr 19 01:18:21 +0000 2013	real
324930742041866242	navy seals at #bostonmarathon with back packs n remote devices on cell phones http://t.co/k9sNfXJvi8	1354971384.0	aggressiveink	boston_fake_03	Thu Apr 18 17:01:40 +0000 2013	fake
324611966758957056	I'll laugh my ass off if 4chan actually were able to find the bombing suspect, this picture looks somewhat convicing http://t.co/rk1eDwr7Vq	36779913.0	chris_longboard	boston_fake_14	Wed Apr 17 19:54:58 +0000 2013	fake
324710785773363200	this shit crazy. wonder if they photoshopped #4chan http://t.co/v00nx4Fw0D	206443802.0	rckgot1twatchin	boston_fake_03,boston_fake_35	Thu Apr 18 02:27:38 +0000 2013	fake
325240500737167360	So THIS is the face of the #BostonMarathon bomber @FoxNews @CNN @JohnKingCNN. Dark enough for ya? http://t.co/ckxDEmtM9p	16269666.0	Bossip	boston_real_27	Fri Apr 19 13:32:32 +0000 2013	real
324845303566065664	#4chan ThinkTank http://t.co/rnqC1QKu8R #BostonMarathon	589903475.0	Anonymous_48	boston_fake_03,boston_fake_35	Thu Apr 18 11:22:10 +0000 2013	fake
325232698773889024	FBI releases new photo of remaining Boston bombing suspect: http://t.co/ErRwfHdt6O http://t.co/AAAQXBBZCd	289643326.0	RyanNBC6	boston_real_27	Fri Apr 19 13:01:32 +0000 2013	real
324128489244614656	man on the roof-tops of #bostonmarathon while bomb goes off http://t.co/yFZEuQ47hu	65174989.0	DeeJayBliss1	boston_fake_09	Tue Apr 16 11:53:48 +0000 2013	fake
324998429178744832	#BostonMarathon PHOTOS of Suspect 2 in white cap, seen planting bomb on surveillance http://t.co/wUDHoIHlYe http://t.co/W2Hjpha485	240361325.0	ActionNewsMatt	boston_real_01,boston_real_02	Thu Apr 18 21:30:38 +0000 2013	real
325490517725028353	"some follow up images on the 4chan post from an hour ago: http://t.co/QlqaMpdpXA\n\n\""The internet wins\"" -@teklocust"	4739831.0	dwbl	boston_fake_03,boston_fake_35	Sat Apr 20 06:06:01 +0000 2013	fake
325149501813837824	Wow. This was posted yesterday on 4chan. Seemed like some people were in the know about the suspect. http://t.co/g7QU4AktXV	24276757.0	dennyluan	boston_fake_12	Fri Apr 19 07:30:56 +0000 2013	fake
324936511160213505	4chan Conspiracies 1 of 2 http://t.co/KbYZr9aAiQ	142869850.0	brennen_says	boston_fake_18	Thu Apr 18 17:24:35 +0000 2013	fake
324642477577494530	#boston #4chan  http://t.co/e7m4xLcjna	353738582.0	ThomasZbo	boston_fake_03,boston_fake_35	Wed Apr 17 21:56:12 +0000 2013	fake
325051229791203328	4chan picks out some boston suspects. crazy spooky. http://t.co/OqAbKozQav	11813582.0	mirceap	boston_fake_03,boston_fake_35	Fri Apr 19 01:00:27 +0000 2013	fake
325210841895026688	Boston Marathon bombing suspects ID'd as brothers from Russia; 1 suspect dead http://t.co/hm5M668jyG #Boston http://t.co/Qr6FyqVNEC	16164289.0	MyCentralJersey	boston_real_06,boston_real_07	Fri Apr 19 11:34:41 +0000 2013	real
325250230792646657	Updated photo of Dzhokhar Tsarnaev from FBI, they're still looking for him. DOB: 7/22/1993  http://t.co/O5n8JfjibY	33288015.0	christnemaddela	boston_real_27	Fri Apr 19 14:11:12 +0000 2013	real
324676674442629120	#4chan crowdsourcing #Boston bomb investigation - /b/ http://t.co/7YcFjWsKo2	308422575.0	UnfitToPrint	boston_fake_03,boston_fake_35	Thu Apr 18 00:12:06 +0000 2013	fake
324551203562344449	RT @C_R3yna06: 4chan &gt; FBI http://t.co/da4FbhJwWs	44428351.0	TAK3OV3R	boston_fake_05	Wed Apr 17 15:53:31 +0000 2013	fake
325328825380651008	WANTED BY THE FBI in the BOSTON BOMBINGS!! 1st Suspect is Dead!! Here is the 2nd Suspect!! #bostonβ€¦ http://t.co/VwBc70aSDn	79539293.0	SOMDWxNews	boston_real_27	Fri Apr 19 19:23:30 +0000 2013	real
325705653026975744	da 4chan think tank BOSTON  http://t.co/0ZbKMA5z0D  #photos #suspects #bombing #marathon	51410043.0	IsraelTucker	boston_fake_03,boston_fake_35	Sat Apr 20 20:20:53 +0000 2013	fake
324361628353191937	Don't worry guys, 4chan is on the case now...  http://t.co/tv5u5N9tiy	15308003.0	rpriedy	boston_fake_26	Wed Apr 17 03:20:13 +0000 2013	fake
325318834787594240	#prayforboston #prayfortheworldwelivein http://t.co/GQtpwqAmvm	319419019.0	egang22	boston_real_25	Fri Apr 19 18:43:49 +0000 2013	real
325148067336683521	Wow, so Sunil Tripathi is a Brown U Student that has been missing since March... http://t.co/ku2PtAuB4o.	43996430.0	cjbrinton	boston_fake_19	Fri Apr 19 07:25:14 +0000 2013	fake
